{"objects":[{"position":{"x":0,"y":0,"z":0},"rotation":{"_x":0,"_y":0,"_z":0,"_w":1},"id":"75c17c9d-f352-427d-b1ba-9c6e516efc41","address":"::ffff:192.168.18.10"},{"position":{"x":8.343524535657439,"y":6.066666666711932,"z":-2.5873055666138396},"rotation":{"_x":-0.744154090293261,"_y":0.3870783825895824,"_z":0.3345027105915801,"_w":1},"id":"1776fdc7-60a8-4c54-8a47-558f80cb7d44","address":"::ffff:192.168.18.10"}]}